"Summary","Location","Description","Start Date/Time","End Date/Time"
"游깿 Evening reflection","","Track mood: 7
Reflect on what happened
Had an emotional intelligence workshops today, My values are Mastery, Mentoring, Sharing, Fun
What am I grateful for?
I am grateful for the moment of connection with Elena about guilt for valuing fun
What did I do well?
I put Sofi to sleep fast","2025-06-11 21:00:00+00:00","2025-06-11 21:30:00+00:00"
"游뢼orning planning","","Plan TODOs
Theme for the day
Name & Reinforce values: Mastery, Mentoring, Sharing, Fun","2025-06-12 10:00:00+00:00","2025-06-12 10:30:00+00:00"
"游뢼orning planning","","Plan TODOs
Progress on WR missions, 1:1s, do the evening schedule, finish DCC#4
Theme for the day
Slow and Steady
Name & Reinforce values: Mastery, Mentoring, Sharing, Fun","2025-06-12 10:00:00+00:00","2025-06-12 10:30:00+00:00"
"游깿 Evening reflection","","Track mood
Reflect on what happened
What am I grateful for?
What did I do well?","2025-06-12 23:00:00+00:00","2025-06-12 23:30:00+00:00"
"游깿 Evening reflection","","Track mood: 5
Reflect on what happened
We saw our furniture being made
What am I grateful for?
I bought a new card game. Got nice slippers with skulls
What did I do well?
I did some work on missions for Winter Raid
Consumption: C 0.5 Line, CBD 4drops","2025-06-12 23:00:00+00:00","2025-06-12 23:30:00+00:00"
"游뢼orning planning","","Plan TODOs
Continue on Missions for Winter Raid
Enjoy high school reunion
Theme for the day
Progress in small steps
Name & Reinforce values: Mastery, Mentoring, Sharing, Fun
I will write some elegant code
I will be helpful to someone
I will share an experience
I will take time to have some fun","2025-06-13 10:00:00+00:00","2025-06-13 10:30:00+00:00"
"游깿 Evening reflection","","Track mood: 4
Consumption: P microdose, C 1bump
Reflect on what happened
Been to 20 years after highschool Xko class. Didn't really connect with anyone. Left feeling bored.
What am I grateful for?
had a nice bike ride
What did I do well?
I did some work on Missions for Winter Raid","2025-06-13 23:00:00+00:00","2025-06-13 23:30:00+00:00"
"游깿 Evening reflection","","Track mood:
Consumption:
Reflect on what happened

What am I grateful for?

What did I do well?","2025-06-13 23:00:00+00:00","2025-06-13 23:30:00+00:00"
"游뢼orning planning","","Plan TODOs
Relax, maybe do some work on MD
Theme for the day
Relax
Name & Reinforce values: Mastery, Mentoring, Sharing, Fun","2025-06-14 10:00:00+00:00","2025-06-14 10:30:00+00:00"
"游깿 Evening reflection","","Track mood: 6
Consumption: Wine 3 glasses
Reflect on what happened
Took care of Sofi and she was quite annoying
What am I grateful for?
Stella made some nice stew
What did I do well?
I took care of Sofi OK","2025-06-14 23:00:00+00:00","2025-06-14 23:30:00+00:00"
"游뢼orning planning","","Plan TODOs
Prepare a costume for Rust Haven
Theme for the day
Get ready for the next week
Name & Reinforce values: Mastery, Mentoring, Sharing, Fun
I will make a nice costume,
I will spend some time with Honza","2025-06-15 10:00:00+00:00","2025-06-15 10:30:00+00:00"
"游깿 Evening reflection","","Track mood: 7
Consumption: -
Reflect on what happened:
Dan called and invited us to ST again
What am I grateful for?
I played a demo of Terra Tech Legion
What did I do well?
I made cool post-apo t-shirts for Rust Haven","2025-06-15 23:00:00+00:00","2025-06-15 23:30:00+00:00"
"游뢼orning planning","","Plan TODOs
Continue on Missions
Theme for the day
Survive my allergies
Name & Reinforce values: Mastery, Mentoring, Sharing, Fun
Evgeny will challenge me with some UX bullshit, I am attending a mentoring closing ceremony.","2025-06-16 10:00:00+00:00","2025-06-16 10:30:00+00:00"
"游깿 Evening reflection","","Track mood: 8
Consumption: C bump, M 60mg
Reflect on what happened
I survived and thrived despite heavy allergies and sore throat
What am I grateful for?
I am happy to have participated in a game dev event
What did I do well?
Team that I mentored won the best game - Icaropolis","2025-06-16 23:00:00+00:00","2025-06-16 23:30:00+00:00"
"游뢼orning planning","","Plan TODOs
Progress on Missions
Theme for the day
Get up to speed
Name & Reinforce values: Creativity, Sharing, Fun
I will do a bit for Mighty Decks, I will meet my friends to play later","2025-06-17 10:00:00+00:00","2025-06-17 10:30:00+00:00"
"游깿 Evening reflection","","Track mood: 8
Consumption: C 1line, 4 drinks
Reflect on what happened
We lost Pandemic Legacy but I still enjoyed it
What am I grateful for?
I had a nice bike ride after work. Jasm칤na showed me a lot of gratefulnes.
What did I do well?
I did some work on Winter Raid","2025-06-17 23:00:00+00:00","2025-06-17 23:30:00+00:00"
"游뢼orning planning","","Plan TODOs
Pack my things
Theme for the day
Get ready for Rust Haven
Name & Reinforce values: Creativity, Sharing, Fun","2025-06-18 10:00:00+00:00","2025-06-18 10:30:00+00:00"
"游뢼orning planning","","Plan TODOs
Theme for the day
Name & Reinforce values: Creativity, Sharing, Fun","2025-06-18 10:00:00+00:00","2025-06-18 10:30:00+00:00"
"游깿 Evening reflection","","Track mood: 7
Consumption: C 1bump
Reflect on what happened
Ive been tired after Yesterday 
What am I grateful for?
I am happy I progresses on Missions for WR
What did I do well?
Ive prepared my stuff for Rust Haven well","2025-06-18 23:00:00+00:00","2025-06-18 23:30:00+00:00"
"游뢼orning planning","","Plan TODOs
Finish Missions for WR, Pack everything and get my ass to Rust Haven
Theme for the day
Finish up and get to Rust Haven OK
Name & Reinforce values: Creativity, Sharing, Fun","2025-06-19 10:00:00+00:00","2025-06-19 10:30:00+00:00"
"游깿 Evening reflection","","Track mood: 7
Consumption: C 1line
Reflect on what happened
Auction of slaves in Rust Haven was fun
What am I grateful for?
I am here with Honza
What did I do well?
My costume is awesome","2025-06-19 23:00:00+00:00","2025-06-19 23:30:00+00:00"
"游뢼orning planning","","Plan TODOs
Do some Larp, trip
Theme for the day
Festival experience
Name & Reinforce values: Creativity, Sharing, Fun","2025-06-20 10:00:00+00:00","2025-06-20 10:30:00+00:00"
"游깿 Evening reflection","","Track mood: 7
Consumption: 2C 24mg, K
Reflect on what happened
Trip was cozy, Fire show was intense
What am I grateful for?
I had a nice nap
What did I do well?
I helped my friends to have a good time","2025-06-20 23:00:00+00:00","2025-06-20 23:30:00+00:00"
"游뢼orning planning","","Plan TODOs
Zahr치t si Rust Brawl
Theme for the day
Chill
Name & Reinforce values: Creativity, Sharing, Fun","2025-06-21 10:00:00+00:00","2025-06-21 10:30:00+00:00"
"游깿 Evening reflection","","Track mood: 6
Consumption: C, K, Alk
Reflect on what happened
I thought about the fact I am not really attracted to anyone here and I am fine with it
What am I grateful for?
We met a group of people from Prague
What did I do well?
I won a couple Rust Brawl games","2025-06-21 23:00:00+00:00","2025-06-21 23:30:00+00:00"
"游뢼orning planning","","Plan TODOs
cleanup
Theme for the day
recovery
Name & Reinforce values: Creativity, Sharing, Fun","2025-06-22 10:00:00+00:00","2025-06-22 10:30:00+00:00"
"游깿 Evening reflection","","Track mood: 5
Consumption: -
Reflect on what happened
I find it hard to put away my travel stuff
What am I grateful for?
We came back OK
What did I do well?
I took care of Sofi well","2025-06-22 23:00:00+00:00","2025-06-22 23:30:00+00:00"
"游뢼orning planning","","Plan TODOs
Code review for Missions, Start working on a next ticket
Theme for the day
Back to work
Name & Reinforce values: Creativity, Sharing, Fun","2025-06-23 10:00:00+00:00","2025-06-23 10:30:00+00:00"
"游깿 Evening reflection","","Track mood: 8
Consumption: 5 shots
Reflect on what happened
I am playint SW Battlefront 2 and I like it
What am I grateful for?
The game is a lot of fun
What did I do well?
I fixed some infrastructure problems at work","2025-06-23 23:00:00+00:00","2025-06-23 23:30:00+00:00"
"游뢼orning planning","","Plan TODOs
Do some work on Rewards
Theme for the day
Socialize
Name & Reinforce values: Creativity, Sharing, Fun","2025-06-24 10:00:00+00:00","2025-06-24 10:30:00+00:00"
"游깿 Evening reflection","","Track mood: 6
Consumption: C 2lines, 3m 1line, CBD 4drops
Reflect on what happened
I realized My events will piss off some people
What am I grateful for?
I am grateful I live an interesting 
What did I do well?
I bought drinks for the Unoffice","2025-06-24 23:00:00+00:00","2025-06-24 23:30:00+00:00"
"游뢼orning planning","","Plan TODOs
Move forward with WR Rewards, Dinner with Petra
Theme for the day
Not crash
Name & Reinforce values: Creativity, Sharing, Fun","2025-06-25 10:00:00+00:00","2025-06-25 10:30:00+00:00"
"游깿 Evening reflection","","Track mood: 7
Consumption: Alcohol 3drinks
Reflect on what happened
Meeting with Petra was nice
What am I grateful for?
I am grateful for sushi
What did I do well?
I made a cool mouse effect on WR Rewards","2025-06-25 23:00:00+00:00","2025-06-25 23:30:00+00:00"
"游뢼orning planning","","Plan TODOs
Switch task to WR battle, continue putting away stuff at home
Theme for the day
work
Name & Reinforce values: Creativity, Sharing, Fun","2025-06-26 10:00:00+00:00","2025-06-26 10:30:00+00:00"
"游깿 Evening reflection","","Track mood: 4
Consumption: C 2bumps, Alkohol 1drink
Reflect on what happened
I had a stress resilience workshop. Not sure if it has any effect
What am I grateful for?
I had a nice bike ride home
What did I do well?
I made a cool prototype at home for work","2025-06-26 23:00:00+00:00","2025-06-26 23:30:00+00:00"
"游뢼orning planning","","Plan TODOs
Finish base capture progress, build some furniture for Tess
Theme for the day
Finish what you can
Name & Reinforce values: Creativity, Sharing, Fun","2025-06-27 10:00:00+00:00","2025-06-27 10:30:00+00:00"
"游깿 Evening reflection","","Track mood: 6
Consumption: C 4bumps
Reflect on what happened
Meeting Lili felt super nice
What am I grateful for?
Lili is back in Prague
What did I do well?
I put together a lot of furniture","2025-06-27 23:00:00+00:00","2025-06-27 23:30:00+00:00"
"游뢼orning planning","","Plan TODOs
Get gifts, survive family
Theme for the day
Recover
Name & Reinforce values: Creativity, Sharing, Fun","2025-06-28 10:00:00+00:00","2025-06-28 10:30:00+00:00"
"游깿 Evening reflection","","Track mood: 5
Consumption: alkohol 3drinks
Reflect on what happened
Family celebration was OK
What am I grateful for?
I got nice chocolate from M칤na 
What did I do well?
I have put Sofi to sleep even though it was hard","2025-06-28 23:00:00+00:00","2025-06-28 23:30:00+00:00"
"游깿 Evening reflection","","Track mood: 6
Consumption: -
Reflect on what happened
We did a lot of work preparing for new furniture coming tomorrow
What am I grateful for?
I will soon have new furniture
What did I do well?
I beat lvl4 of Tower dominion","2025-06-29 23:00:00+00:00","2025-06-29 23:30:00+00:00"
"游뢼orning planning","","Plan TODOs
prepare living room for furniture installation
Theme for the day
Transforming our flat
Name & Reinforce values: Creativity, Sharing, Fun","2025-06-30 10:00:00+00:00","2025-06-30 10:30:00+00:00"
"游깿 Evening reflection","","Track mood: 8
Consumption: C 2bumps, K 1 line
Reflect on what happened
We played 2 games of Pandemic, it was fun
What am I grateful for?
We met at Oscars place
What did I do well?
I took care of Sofi","2025-06-30 23:00:00+00:00","2025-06-30 23:30:00+00:00"
"游뢼orning planning","","Plan TODOs
Do some work on WR
Theme for the day
Survive work and take care of sofi in the evening
Name & Reinforce values: Creativity, Sharing, Fun","2025-07-01 10:00:00+00:00","2025-07-01 10:30:00+00:00"
"游깿 Evening reflection","","Track mood: 6
Consumption: C 3bumps, Ritalin 1/4 pill
Reflect on what happened
I fought tiredness and I managed to bebquite productive
What am I grateful for?
I had a nice nap
What did I do well?
I did a lot of work on WR","2025-07-01 23:00:00+00:00","2025-07-01 23:30:00+00:00"
"游뢼orning planning","","Plan TODOs
Finish furniture at Tess, pick up cables from Honza
Theme for the day
Balance
Name & Reinforce values: Creativity, Sharing, Fun","2025-07-02 10:00:00+00:00","2025-07-02 10:30:00+00:00"
"游깿 Evening reflection","","Track mood: 7
Consumption: Concerta 18mg
Reflect on what happened
Had a productive day
What am I grateful for?
I got to practice DJing
What did I do well?
I did some python today","2025-07-02 23:00:00+00:00","2025-07-02 23:30:00+00:00"
"游뢼orning planning","","Plan TODOs
WR baee capturing
Theme for the day
Balance
Name & Reinforce values: Creativity, Sharing, Fun","2025-07-03 10:00:00+00:00","2025-07-03 10:30:00+00:00"
"游깿 Evening reflection","","Track mood: 5
Consumption: C 2bumps
Reflect on what happened
New furniture looks pretry
What am I grateful for?
I had a nice nap
What did I do well?
I finished WR base capturing","2025-07-03 23:00:00+00:00","2025-07-03 23:30:00+00:00"
"游뢼orning planning","","Plan TODOs
-
Theme for the day
Relax
Name & Reinforce values: Creativity, Sharing, Fun","2025-07-05 10:00:00+00:00","2025-07-05 10:30:00+00:00"
"游깿 Evening reflection","","Track mood: 6
Consumption: -
Reflect on what happened
Found a cool 80s playlist
What am I grateful for?
I got to practice DJing
What did I do well?
I was OK at DJing","2025-07-05 23:00:00+00:00","2025-07-05 23:30:00+00:00"
"游뢼orning planning","","Plan TODOs
Make a 90s playlist
Theme for the day
Do some work
Name & Reinforce values: Creativity, Sharing, Fun","2025-07-06 10:00:00+00:00","2025-07-06 10:30:00+00:00"
"游깿 Evening reflection","","Track mood: 5
Consumption: -
Reflect on what happened
Chill day
What am I grateful for?
I got to watch a movie
What did I do well?
I organized a lot of 90s songs","2025-07-06 23:00:00+00:00","2025-07-06 23:30:00+00:00"
"游뢼orning planning","","Plan TODOs
Get shorts, schedule a haircut?
Theme for the day
Do some work
Name & Reinforce values: Creativity, Sharing, Fun","2025-07-07 10:00:00+00:00","2025-07-07 10:30:00+00:00"
"游깿 Evening reflection","","Track mood: 4
Consumption: ritalin 1/4 pill, C 1bump
Reflect on what happened
I could not focus most of the day
What am I grateful for?
I watched a nice movie
What did I do well?
Did some work despite problems with focus","2025-07-07 23:00:00+00:00","2025-07-07 23:30:00+00:00"
"游뢼orning planning","","Plan TODOs
Progress on Rewards
Theme for the day
Stabilize
Name & Reinforce values: Creativity, Sharing, Fun","2025-07-08 10:00:00+00:00","2025-07-08 10:30:00+00:00"
"游깿 Evening reflection","","Track mood: 7
Consumption: Alk 1drink
Reflect on what happened
I played SW Battlefront and enjoyed it
What am I grateful for?
I have a new projector screen
What did I do well?
I coded rewards for WR","2025-07-08 23:00:00+00:00","2025-07-08 23:30:00+00:00"
"游뢼orning planning","","Plan TODOs
Finish Reward markers, get the drill
Theme for the day
Have fun with friends
Name & Reinforce values: Creativity, Sharing, Fun","2025-07-09 10:00:00+00:00","2025-07-09 10:30:00+00:00"
"游깿 Evening reflection","","Track mood: 7
Consumption: C 1bump, K 1line
Reflect on what happened
I fealt really ignored
What am I grateful for?
We had a great game of Pandemic Legacy
What did I do well?
I finished coding of rewards","2025-07-09 23:00:00+00:00","2025-07-09 23:30:00+00:00"
"游뢼orning planning","","Plan TODOs
Commit Rewards
Theme for the day
survive
Name & Reinforce values: Creativity, Sharing, Fun","2025-07-10 10:00:00+00:00","2025-07-10 10:30:00+00:00"
"游깿 Evening reflection","","Track mood: 4
Consumption: C 1bump
Reflect on what happened
Tech tree retrospective was OK
What am I grateful for?
I might have my home theater baxk
What did I do well?
Connected speakers and screen","2025-07-10 23:00:00+00:00","2025-07-10 23:30:00+00:00"
"游깿 Evening reflection","","Track mood: 7
Consumption: K 1line
Reflect on what happened
I took care of sofi the whole day
What am I grateful for?
I got to see a movie with my friends
What did I do well?
I took care of sofi and was a good host and didn't get angry when Stella was being an asshole","2025-07-11","2025-07-12"
"游뢼orning planning","","Plan TODOs
Work, take care of Sofi
Theme for the day
Try working from home
Name & Reinforce values: Creativity, Sharing, Fun","2025-07-11 10:00:00+00:00","2025-07-11 10:30:00+00:00"
"游뢼orning planning","","Plan TODOs
Rozlu캜ka 
Theme for the day
have fun
Name & Reinforce values: Creativity, Sharing, Fun","2025-07-12 10:00:00+00:00","2025-07-12 10:30:00+00:00"
"游깿 Evening reflection","","Track mood: 4
Consumption: C 2 lines, K 1 line
Reflect on what happened
Rozlu캜ka se Svobodou
What am I grateful for?
I have been to a very nice spa
What did I do well?
I survived sauna ritual","2025-07-12 23:00:00+00:00","2025-07-12 23:30:00+00:00"
"游뢼orning planning","","Plan TODOs
Put alcohol in the bar
Theme for the day
recover
Name & Reinforce values: Creativity, Sharing, Fun","2025-07-13 10:00:00+00:00","2025-07-13 10:30:00+00:00"
"游깿 Evening reflection","","Track mood: 5
Consumption: Alcohol 2drinks
Reflect on what happened
We put alcohol into the new Bar
What am I grateful for?
I got to play games all day
What did I do well?
I prepared some nice house","2025-07-13 23:00:00+00:00","2025-07-13 23:30:00+00:00"
"游뢼orning planning","","Plan TODOs
Start working on the progress
Theme for the day
Ge to work
Name & Reinforce values: Creativity, Sharing, Fun","2025-07-14 10:00:00+00:00","2025-07-14 10:30:00+00:00"
"游깿 Evening reflection","","Track mood: 6
Consumption: Ritalin 1/2 pill
Reflect on what happened
I started working on a squiggly progress bar
What am I grateful for?
I am playing a new game
What did I do well?
I fixed my bike and do a lot of work","2025-07-14 23:00:00+00:00","2025-07-14 23:30:00+00:00"
"游뢼orning planning","","Plan TODOs
Add labels to progress screen, take care of Sofi, put away one bag
Theme for the day
Survive
Name & Reinforce values: Creativity, Sharing, Fun","2025-07-15 10:00:00+00:00","2025-07-15 10:30:00+00:00"
"游깿 Evening reflection","","Track mood: 5
Consumption: K 1line
Reflect on what happened
not much
What am I grateful for?
Foundation S3 is out.
What did I do well?
I made progression screen pretty","2025-07-15 23:00:00+00:00","2025-07-15 23:30:00+00:00"
"游뢼orning planning","","Plan TODOs
Figure out miniature position, plan vacation
Theme for the day
Figure it out
Name & Reinforce values: Creativity, Sharing, Fun","2025-07-16 10:00:00+00:00","2025-07-16 10:30:00+00:00"
"游깿 Evening reflection","","Track mood: 6
Consumption: Alcohol 8 drinks
Reflect on what happened
We played Feast of Odin
What am I grateful for?
Martin helped me with rotation calculations
What did I do well?
I worked a lot and finished vehicle moving along curve","2025-07-16 23:00:00+00:00","2025-07-16 23:30:00+00:00"
"游뢼orning planning","","Plan TODOs
Cleanup WR progression
Theme for the day
steady work
Name & Reinforce values: Creativity, Sharing, Fun","2025-07-17 10:00:00+00:00","2025-07-17 10:30:00+00:00"
"游깿 Evening reflection","","Track mood: 4
Consumption: 1 drink
Reflect on what happened
I finished the WR progress
What am I grateful for?
I got to play
What did I do well?
I took good care of Sofi","2025-07-17 23:00:00+00:00","2025-07-17 23:30:00+00:00"
"游뢼orning planning","","Plan TODOs
finish up, prepare for MD
Theme for the day
Survive the crash
Name & Reinforce values: Creativity, Sharing, Fun","2025-07-18 10:00:00+00:00","2025-07-18 10:30:00+00:00"
"游깿 Evening reflection","","Track mood: 3
Consumption: C 1bump, K 1bump
Reflect on what happened
Saw Patricia
What am I grateful for?
I got to play some games
What did I do well?
I cleaned up our repo","2025-07-18 23:00:00+00:00","2025-07-18 23:30:00+00:00"
"游뢼orning planning","","Plan TODOs
Mighty Decks
Theme for the day
Have fun
Name & Reinforce values: Creativity, Sharing, Fun","2025-07-19 10:00:00+00:00","2025-07-19 10:30:00+00:00"
"游깿 Evening reflection","","Track mood: 7
Consumption: C 1line, 3M 1line
Reflect on what happened
We player MD with CVUT
What am I grateful for?
MD went well
What did I do well?
I was good as storyteller","2025-07-19 23:00:00+00:00","2025-07-19 23:30:00+00:00"
"游뢼orning planning","","Plan TODOs
Prepare MP3s
Theme for the day
Ramp up work
Name & Reinforce values: Creativity, Sharing, Fun","2025-07-21 10:00:00+00:00","2025-07-21 10:30:00+00:00"
"游깿 Evening reflection","","Track mood: 6
Consumption: -
Reflect on what happened
Sofi was hard to put to sleep
What am I grateful for?
I got to eat a lot of tasty fruits
What did I do well?
I did a vehicle animation alonf path","2025-07-21 23:00:00+00:00","2025-07-21 23:30:00+00:00"
"游뢼orning planning","","Conflicts: -
TODOs: Finish WR Miniature
Mood: 5
Theme for the day: have fun","2025-07-22 10:00:00+00:00","2025-07-22 10:30:00+00:00"
"游뢼orning planning","","Conflicts:
TODOs:
Mood:
Theme for the day:","2025-07-22 10:00:00+00:00","2025-07-22 10:30:00+00:00"
"游깿 Evening reflection","","Conflicts:-
Track mood:6
Consumption:C 1line, K 1line, 3m 1line
Reflect on what happened:We planned Spa party
What am I grateful for?I had a nice game of Pandemic
What did I do well? I finished Vehicle mini in WR","2025-07-22 23:00:00+00:00","2025-07-22 23:30:00+00:00"
"游깿 Evening reflection","","Conflicts:
Track mood:
Consumption:
Reflect on what happened:
What am I grateful for?
What did I do well?","2025-07-22 23:00:00+00:00","2025-07-22 23:30:00+00:00"
"游뢼orning planning","","Conflicts: -
TODOs: Copy music
Mood: 5
Theme for the day: survival","2025-07-23 10:00:00+00:00","2025-07-23 10:30:00+00:00"
"游뢼orning planning","","Conflicts: -
TODOs: Finish up at work before vacation
Mood: 5
Theme for the day: finish up","2025-07-24 10:00:00+00:00","2025-07-24 10:30:00+00:00"
"游깿 Evening reflection","","Conflicts:-
Track mood:7
Consumption:마lcohol 1drink
Reflect on what happened:Last day before vacation was chill
What am I grateful for?I am happy for my time off
What did I do well? I won a couple games of tower dominion","2025-07-24 23:00:00+00:00","2025-07-24 23:30:00+00:00"
"游뢼orning planning","","Conflicts: -
TODOs: Wedding DJ
Mood: 5
Theme for the day: celebrate R+M","2025-07-25 10:00:00+00:00","2025-07-25 10:30:00+00:00"
"游깿 Evening reflection","","Conflicts:-
Track mood:6
Consumption:ㅁlcohol 3drinks
Reflect on what happened:I am playing as a DJ on a wedding
What am I grateful for?I had a nice time talking to some people about deep stuff
What did I do well? I am a decent DJ","2025-07-25 23:00:00+00:00","2025-07-25 23:30:00+00:00"
"游뢼orning planning","","Conflicts: -
TODOs: DJ at the orgy
Mood: 4
Theme for the day: Have fun","2025-07-26 10:00:00+00:00","2025-07-26 10:30:00+00:00"
"游깿 Evening reflection","","Conflicts:-
Track mood:8
Consumption:M 40mg, 3mmc 1line
Reflect on what happened: Romans wedding orgy
What am I grateful for?I vibed with several people
What did I do well? Did a great massage","2025-07-26 23:00:00+00:00","2025-07-26 23:30:00+00:00"
"游깿 Evening reflection","","Conflicts:-
Track mood:7
Consumption:C 2lines, K 1line, alcohol 4drinks
Reflect on what happened:Nora en pure concert was noce
What am I grateful for?Seeing cool people 
What did I do well? I packed almost everything from my DJ orgy","2025-07-27 23:00:00+00:00","2025-07-27 23:30:00+00:00"
"游뢼orning planning","","Conflicts: -
TODOs: get to ST
Mood: 4 tired
Theme for the day: Travel","2025-07-28 10:00:00+00:00","2025-07-28 10:30:00+00:00"
"游깿 Evening reflection","","Conflicts:-
Track mood:8
Consumption:K 1bump
Reflect on what happened:We are in ST!
What am I grateful for?I am having a nice talk with Ad칠la, I've flown a heli
What did I do well? I packed my suitcase","2025-07-28 23:00:00+00:00","2025-07-28 23:30:00+00:00"
"游뢼orning planning","","Conflicts: There was a bit of a conflict with Daniel when he didn't want to let me go to sleep
TODOs: Get home safe
Mood: 4 Tired
Theme for the day: Travel","2025-07-30 10:00:00+00:00","2025-07-30 10:30:00+00:00"
"游깿 Evening reflection","","Conflicts: -
Track mood: 6
Consumption: -
Reflect on what happened: I came back from ST
What am I grateful for? I am happy I am home
What did I do well? I managed to travel without a problem and were everywhere on time","2025-07-30 23:00:00+00:00","2025-07-30 23:30:00+00:00"
"游뢼orning planning","","Conflicts: Stella was mean before I left for LIR
TODOs: Get to LIR
Mood: 6
Theme for the day: Get setup in LIR","2025-07-31 10:00:00+00:00","2025-07-31 10:30:00+00:00"
"游깿 Evening reflection","","Conflicts:-
Track mood:7
Consumption:C 4lines, K 3lines, 3mmc 2 lines
Reflect on what happened:I had a bizare and erotic encounter with K치ja, Roman and Honza
What am I grateful for?I am grateful for Stella letting me come here.
What did I do well? I made a connection with Jen from Colorado","2025-07-31 23:00:00+00:00","2025-07-31 23:30:00+00:00"
"游뢼orning planning","","Conflicts: -
TODOs: have fun
Mood: 6
Theme for the day: LIR saturday!","2025-08-01 10:00:00+00:00","2025-08-01 10:30:00+00:00"
"游깿 Evening reflection","","Conflicts:-
Track mood:8
Consumption:M 150mg, K 5 lines, 3mmc, 2 lines
Reflect on what happened:2nd day of LIR was awesome
What am I grateful for?We did M together
What did I do well? I connected with some people","2025-08-01 23:00:00+00:00","2025-08-01 23:30:00+00:00"
"游깿 Evening reflection","","Conflicts:-
Track mood:10
Consumption:2CB 50mg, K
Reflect on what happened:막est LIR ever
What am I grateful for?My friends are awesome
What did I do well? I dosed everyone great","2025-08-02 23:00:00+00:00","2025-08-02 23:30:00+00:00"
"游뢼orning planning","","Conflicts: -
TODOs: get home
Mood: 6
Theme for the day: recover","2025-08-03 10:00:00+00:00","2025-08-03 10:30:00+00:00"
"游뢼orning planning","","Conflicts: -
TODOs: work and get better
Mood: 5
Theme for the day: get back to work","2025-08-04 10:00:00+00:00","2025-08-04 10:30:00+00:00"
"游뢼orning planning","","Conflicts: -
TODOs: get some work done
Mood: 4 tired
Theme for the day: work then fun","2025-08-05 10:00:00+00:00","2025-08-05 10:30:00+00:00"
"游깿 Evening reflection","","Conflicts:-
Track mood:7
Consumption:3mmc 3lines, C 2bumps
Reflect on what happened:We failed Pandemic August
What am I grateful for?I got stuff from Fred
What did I do well? I did some work on WR","2025-08-05 23:00:00+00:00","2025-08-05 23:30:00+00:00"
"游뢼orning planning","","Conflicts: -
TODOs: WR
Mood: 4 tired
Theme for the day: survive lack of sleep","2025-08-06 10:00:00+00:00","2025-08-06 10:30:00+00:00"
"游깿 Evening reflection","","Conflicts:Stella was mean to me about Sofi when I ran out of nerves for her not sleeping, but we hugged it out.
Track mood:6
Consumption:C 3bumps
Reflect on what happened:I bought a golden necklace for Stella
What am I grateful for?I got to relax a bit
What did I do well? I handled all tasks","2025-08-06 23:00:00+00:00","2025-08-06 23:30:00+00:00"
"游깿 Evening reflection","","Conflicts:-
Track mood:6
Consumption:C 1bump
Reflect on what happened:Busy day at work
What am I grateful for?I finished card interaction
What did I do well? I helped Kiki get a job","2025-08-07 23:00:00+00:00","2025-08-07 23:30:00+00:00"
"游뢼orning planning","","Conflicts: -
TODOs: Take care of Sofi, Finish tooltip
Mood: 3 tired
Theme for the day: survive","2025-08-08 10:00:00+00:00","2025-08-08 10:30:00+00:00"
"游깿 Evening reflection","","Conflicts:-
Track mood:7
Consumption:G 1.25ml, 3mmc 2 lines, C 1bump
Reflect on what happened:I worked from hone
What am I grateful for?I got to play SW
What did I do well? I cleaned up a lot of stuff","2025-08-08 23:00:00+00:00","2025-08-08 23:30:00+00:00"
"游뢼orning planning","","Conflicts: -
TODOs: relax
Mood: 4 pain
Theme for the day: get better","2025-08-09 10:00:00+00:00","2025-08-09 10:30:00+00:00"
"游깿 Evening reflection","","Conflicts:Stella byla dneska extra protivn치 
Track mood:2 Sad
Consumption:-
Reflect on what happened:We discussed what can cause our conflicts and bad mood
What am I grateful for?I am working on my tracking app with windsurf
What did I do well? I greased the troley","2025-08-09 23:00:00+00:00","2025-08-09 23:30:00+00:00"
"游깿 Evening reflection","","Conflicts:-
Track mood:5 A bit sick
Consumption:ㅁlcohol 3drinks
Reflect on what happened:We went to see the Jerusalem Synagogue, it was meh
What am I grateful for?I got to play void crew with Oscar and Martin
What did I do well? I helped with carpet for the shue place","2025-08-10 23:00:00+00:00","2025-08-10 23:30:00+00:00"
"游뢼orning planning","","Conflicts: -
TODOs: Do some work, put away 5 things
Mood: 4 Tired, my back hurts
Theme for the day: Get some work done","2025-08-11 10:00:00+00:00","2025-08-11 10:30:00+00:00"
"游깿 Evening reflection","","Conflicts:Stella was mean after I watched Ast week tonight on WFH
Track mood:5
Consumption:C 1bump, 3mmc 1bump
Reflect on what happened:I went to work after the fight
What am I grateful for?We got to make up and watch Severance
What did I do well? Tower Dominion level 54","2025-08-11 23:00:00+00:00","2025-08-11 23:30:00+00:00"
"游깿 Evening reflection","","Conflicts:-
Track mood:6
Consumption:C 2lines, 3mmc 2lines
Reflect on what happened:망e won pandemic legacy with Honza
What am I grateful for?I got to hang out with my friends. I got gifts for 15th WoT anniversary
What did I do well? We won pandemic","2025-08-12 23:00:00+00:00","2025-08-12 23:30:00+00:00"
"游뢼orning planning","","Conflicts: -
TODOs: do some work
Mood: 4 Runny nose
Theme for the day: Chill","2025-08-13 10:00:00+00:00","2025-08-13 10:30:00+00:00"
"游깿 Evening reflection","","Conflicts:-
Track mood:4 Tired, 
Consumption:C 1line, 3mmc 1line, Alcohol 2drinks
Reflect on what happened:We saw Letn칤 Letn치 openning show
What am I grateful for?I got more free steelhunters merch
What did I do well? I got the small bin for WC","2025-08-13 23:00:00+00:00","2025-08-13 23:30:00+00:00"
"游뢼orning planning","","Conflicts: -
TODOs: lunch with Patricie
Mood: 5
Theme for the day: iterative progress","2025-08-14 10:00:00+00:00","2025-08-14 10:30:00+00:00"
"游깿 Evening reflection","","Conflicts:-
Track mood:4 sad
Consumption:맗sylocibin microsose
Reflect on what happened:I had lunch with Patricia, it was nice
What am I grateful for?I had a good lunch
What did I do well? I finished he tooltip","2025-08-14 23:00:00+00:00","2025-08-14 23:30:00+00:00"
"游뢼orning planning","","Conflicts: -
TODOs: Finish myTeams
Mood: 5
Theme for the day: Finish the week","2025-08-15 10:00:00+00:00","2025-08-15 10:30:00+00:00"
"游깿 Evening reflection","","Conflicts:-
Track mood:6
Consumption:Psylocibin microsose
Reflect on what happened:I generated cocer art for the cyberpunk adventure
What am I grateful for?Stella got to take a nap
What did I do well? I got my tooth fixed","2025-08-15 23:00:00+00:00","2025-08-15 23:30:00+00:00"
"游뢼orning planning","","Conflicts: -
TODOs: Make some cool art and consumables for MD
Mood: 6
Theme for the day: work on MD","2025-08-16 10:00:00+00:00","2025-08-16 10:30:00+00:00"
"游깿 Evening reflection","","Conflicts:-
Track mood:7
Consumption:-
Reflect on what happened:I am sitting next to completely naked baby
What am I grateful for?I got to go out!
What did I do well? I persuaded Laura to work with me","2025-08-16 23:00:00+00:00","2025-08-16 23:30:00+00:00"
"游뢼orning planning","","Conflicts: -
TODOs: -
Mood: 4 tired
Theme for the day: relax","2025-08-17 10:00:00+00:00","2025-08-17 10:30:00+00:00"
"游깿 Evening reflection","","Conflicts:-
Track mood:6
Consumption:ㅁlcohol 5 drinks
Reflect on what happened:I went on a nice walk with Sofi, Honza and Martin
What am I grateful for?I got to watch a movie with Stella
What did I do well? I made a nice illustration for Mighty Decks","2025-08-17 23:00:00+00:00","2025-08-17 23:30:00+00:00"
"游깿 Evening reflection","","Conflicts:Small conflict with Stella in the morning. She was worried she will not have time for a shower before her moms bday
Track mood:6
Consumption:마lcohol 1 drink
Reflect on what happened:I was looking after Sofi on WFH
What am I grateful for?I am 2 commanders away from 100% Tower Dominion 
What did I do well? I made an unoffice logo","2025-08-18 23:00:00+00:00","2025-08-18 23:30:00+00:00"
"游뢼orning planning","","Conflicts: -
TODOs: detailed P levels
Mood: 5
Theme for the day: chill and work","2025-08-19 10:00:00+00:00","2025-08-19 10:30:00+00:00"
"游깿 Evening reflection","","Conflicts:-
Track mood:4
Consumption:3mmc 3lines, alcohol 6drinks
Reflect on what happened:We lost one game of Pandemic and the second won partially after a very unlucky draw. It fealt bad.
What am I grateful for?I got to setup a drink with Lenka
What did I do well? I made a table for P levels","2025-08-19 23:00:00+00:00","2025-08-19 23:30:00+00:00"
"游뢼orning planning","","Conflicts: -
TODOs: do some work
Mood: 5
Theme for the day: -","2025-08-20 10:00:00+00:00","2025-08-20 10:30:00+00:00"
"游깿 Evening reflection","","Conflicts:-
Track mood:5
Consumption:-
Reflect on what happened:말t was hectic, but I managed to do all the todos
What am I grateful for?I got to play Drop Dutchy
What did I do well? I finished Coins","2025-08-20 23:00:00+00:00","2025-08-20 23:30:00+00:00"
"游뢼orning planning","","Conflicts: -
TODOs: Checkout 콯i쬶ov Tower
Mood: 5
Theme for the day: Go with the flow","2025-08-21 10:00:00+00:00","2025-08-21 10:30:00+00:00"
"游깿 Evening reflection","","Conflicts:-
Track mood:9
Consumption:3mmc 1 line, alcohol 4drinks
Reflect on what happened:막est drink I could imagine
What am I grateful for?Connection with Lenka
What did I do well? Worked hard, play hard","2025-08-21 23:00:00+00:00","2025-08-21 23:30:00+00:00"
"游깿 Evening reflection","","Conflicts:-
Track mood:7
Consumption:3mmc 1bump, alcohol 4drinks
Reflect on what happened:I met Lili for billiard.
What am I grateful for?I had fun playing billiard.
What did I do well? I fixed some bugs and was good in billiard","2025-08-22 23:00:00+00:00","2025-08-22 23:30:00+00:00"
"游뢼orning planning","","Conflicts: -
TODOs: ob캩d s na코ima 
Mood: 6
Theme for the day: go with the flow","2025-08-23 10:00:00+00:00","2025-08-23 10:30:00+00:00"
"游깿 Evening reflection","","Conflicts:-
Track mood:6
Consumption:마lcohol 1drink
Reflect on what happened:I took sofi to my parents
What am I grateful for?I got to watch Accountant 2 with Stella
What did I do well? I took care of Sofi","2025-08-23 23:00:00+00:00","2025-08-23 23:30:00+00:00"
"游깿 Evening reflection","","Conflicts:-
Track mood:5
Consumption:마lcohol 7drinks
Reflect on what happened:I watched Sofi in the evening
What am I grateful for?I got to watch Peacemaker
What did I do well? I took care of Sofi","2025-08-24 23:00:00+00:00","2025-08-24 23:30:00+00:00"
"游깿 Evening reflection","","Conflicts:-
Track mood:10
Consumption:3mmc 1line, alcohol 5drinks
Reflect on what happened:I got very stressed from getting a used steam deck and seeing Lenka
What am I grateful for?I had an awesome time with Lenka 
What did I do well? I thought on my feet to get everywhere on time.","2025-08-25 23:00:00+00:00","2025-08-25 23:30:00+00:00"
"游뢼orning planning","","Conflicts: -
TODOs: setup my steam deck
Mood: 9
Theme for the day: think back to Yesterday","2025-08-26 10:00:00+00:00","2025-08-26 10:30:00+00:00"
"游깿 Evening reflection","","Conflicts:-
Track mood:6
Consumption:마lcohol 1drink
Reflect on what happened: -
What am I grateful for?I got to play on my new steam deck
What did I do well? I got LED strips in the morning","2025-08-26 23:00:00+00:00","2025-08-26 23:30:00+00:00"
"游뢼orning planning","","Conflicts: -
TODOs: Look after Sofi in the evening
Mood: 5 Tired
Theme for the day: Go steady","2025-08-27 10:00:00+00:00","2025-08-27 10:30:00+00:00"
"游깿 Evening reflection","","Conflicts: -
Track mood: 6
Consumption: -
Reflect on what happened: I was home with Sofi and Kiki while Stella was at a pub
What am I grateful for? I am happy Sofi was sleeping peacefully
What did I do well? I recognized R치캞a and handled her bad mood OK","2025-08-27 23:00:00+00:00","2025-08-27 23:30:00+00:00"
"游뢼orning planning","","Conflicts: -
TODOs: -
Mood: 6
Theme for the day: -","2025-08-28 10:00:00+00:00","2025-08-28 10:30:00+00:00"
"游깿 Evening reflection","","Conflicts:-
Track mood:6
Consumption:마lcohol 1drink
Reflect on what happened:I installed a light at Tess's
What am I grateful for?I got to chill
What did I do well? I made reward markers nice","2025-08-28 23:00:00+00:00","2025-08-28 23:30:00+00:00"
"游뢼orning planning","","Conflicts: -
TODOs: finish WR tickets
Mood: 5 tired
Theme for the day: finish up","2025-08-29 10:00:00+00:00","2025-08-29 10:30:00+00:00"
"游깿 Evening reflection","","Conflicts:-
Track mood:7
Consumption:3mmc 2lines, coke 1line, alcohol 3drinks
Reflect on what happened:We celebrated WR in Levels
What am I grateful for?I got to play DDR
What did I do well? I finished most tickets","2025-08-29 23:00:00+00:00","2025-08-29 23:30:00+00:00"
"游뢼orning planning","","Conflicts: -
TODOs: zabalit si
Mood: 5
Theme for the day: get ready for travel","2025-08-30 10:00:00+00:00","2025-08-30 10:30:00+00:00"
"游깿 Evening reflection","","Conflicts:-
Track mood:6
Consumption:마lcohol 2drinks
Reflect on what happened:I am traveling to Osaka
What am I grateful for?I got to fly business for the first time
What did I do well? I took care of Sofi well","2025-08-30 23:00:00+00:00","2025-08-30 23:30:00+00:00"
"游뢼orning planning","","Conflicts: -
TODOs: get to japan
Mood: 6
Theme for the day:","2025-08-31 10:00:00+00:00","2025-08-31 10:30:00+00:00"
"游깿 Evening reflection","","Conflicts:-
Track mood:6
Consumption:마lcohol 3drinks
Reflect on what happened:I am flying from Abu Dhabi to Osaka
What am I grateful for?I got to fly business for the first time
What did I do well? I took good care of Sofi","2025-08-31 23:00:00+00:00","2025-08-31 23:30:00+00:00"
"游깿 Evening reflection","","Conflicts:-
Track mood:6
Consumption:마lcohol 2drinks
Reflect on what happened:망e got to Kyoto
What am I grateful for?I got to eat nice sushi in Japan
What did I do well? I got us to Kyoto OK","2025-09-01 23:00:00+00:00","2025-09-01 23:30:00+00:00"
"游뢼orning planning","","Conflicts: -
TODOs: get better
Mood: 4 diarrhoea
Theme for the day: 游눨","2025-09-02 10:00:00+00:00","2025-09-02 10:30:00+00:00"
"游깿 Evening reflection","","Conflicts:-
Track mood:4 sick
Consumption:-
Reflect on what happened:I had food poisoning the whole day
What am I grateful for?I am grateful it was not so bad
What did I do well? I read half of my book","2025-09-02 23:00:00+00:00","2025-09-02 23:30:00+00:00"
"游깿 Evening reflection","","Conflicts:-
Track mood:5
Consumption:-
Reflect on what happened:망e went to see a pokemon shop and a market
What am I grateful for?I got to read a lot
What did I do well? I handled Kiki well","2025-09-03 23:00:00+00:00","2025-09-03 23:30:00+00:00"
"游깿 Evening reflection","","Conflicts:맔inor conflict when I said ""don't be lazy"" when Stella didn't want to write down schedule for Sofi.
Track mood:6
Consumption:-
Reflect on what happened:I am taking care of Sofi
What am I grateful for?Me, Honza and Kris went to Samurai muzeum 
What did I do well? I handled Sofi well","2025-09-03 23:00:00+00:00","2025-09-03 23:30:00+00:00"
"游뢼orning planning","","Conflicts: - but Stella seems easily irritable
TODOs:
Mood:
Theme for the day:","2025-09-04 10:00:00+00:00","2025-09-04 10:30:00+00:00"
"游깿 Evening reflection","","Conflicts:맔inor conflict when I said ""don't be lazy"" when Stella didn't want to write down schedule for Sofi.
Track mood:6
Consumption:-
Reflect on what happened:I am taking care of Sofi
What am I grateful for?Me, Honza and Kris went to Samurai muzeum 
What did I do well? I handled Sofi well","2025-09-04 23:00:00+00:00","2025-09-04 23:30:00+00:00"
"游깿 Evening reflection","","Conflicts:맔inor conflict when I said ""don't be lazy"" when Stella didn't want to write down schedule for Sofi.
Track mood:6
Consumption:-
Reflect on what happened:I am taking care of Sofi
What am I grateful for?Me, Honza and Kris went to Samurai muzeum 
What did I do well? I handled Sofi well","2025-09-04 23:00:00+00:00","2025-09-04 23:30:00+00:00"
"游뢼orning planning","","Conflicts:
TODOs:
Mood:
Theme for the day:","2025-09-05 10:00:00+00:00","2025-09-05 10:30:00+00:00"
"游깿 Evening reflection","","Conflicts: -
Track mood:6
Consumption:-
Reflect on what happened:We went to see some Temples and gardens and a reception in Railway muzeum
What am I grateful for?I had a nice time sightseeing with Kiki and Honza, I liked the Railway muzeum
What did I do well? I was social at the reception","2025-09-05 23:00:00+00:00","2025-09-05 23:30:00+00:00"
"游깿 Evening reflection","","Conflicts: -
Track mood:4 pain
Consumption:-
Reflect on what happened:We moved to Osaka
What am I grateful for?We have a nice accomodation in Osaka
What did I do well? I moved a lot of suitcases, I finished song lyrics for Na Oko콏i","2025-09-06 14:00:00+00:00","2025-09-06 14:30:00+00:00"
"游깿 Evening reflection","","Conflicts: 
Track mood:
Consumption:
Reflect on what happened:
What am I grateful for?
What did I do well?","2025-09-06 23:00:00+00:00","2025-09-06 23:30:00+00:00"
"游깿 Evening reflection","","Conflicts: -
Track mood:6
Consumption:-
Reflect on what happened:We saw Doutonbori
What am I grateful for?I got to read and chill
What did I do well? I made some funny stories on insta","2025-09-07 23:00:00+00:00","2025-09-07 23:30:00+00:00"
"游깿 Evening reflection","","Conflicts: -
Track mood:6
Consumption:-
Reflect on what happened:We went to the brach, but swimming was forbidden
What am I grateful for?I liked it at the beach
What did I do well? I put Sofi to sleep OK","2025-09-08 23:00:00+00:00","2025-09-08 23:30:00+00:00"
"游뢼orning planning","","Conflicts: -
TODOs:
Mood: 3 sad for no reason
Theme for the day: -","2025-09-10 10:00:00+00:00","2025-09-10 10:30:00+00:00"
"游깿 Evening reflection","","Conflicts: -
Track mood:6
Consumption:-
Reflect on what happened:We celebrated 2 year anniversary of marriage with Stella. We got cheap ramen. 
What am I grateful for?We saw Nara with Sika deers
What did I do well? I took good care of Sofi","2025-09-10 23:00:00+00:00","2025-09-10 23:30:00+00:00"
"游깿 Evening reflection","","Conflicts: Stella got angry at me for telling Petr her preferences verbatum. She kept pushing me for this until I said ""tenhle rozhovor m캩 u fajt sere""
Track mood:5
Consumption:-
Reflect on what happened:망e went to a sightseeing tower then got caught up by heavy rain and went for ramen with Kris
What am I grateful for?The ramen was delicious and a huge portion
What did I do well? I read a lot","2025-09-12 23:00:00+00:00","2025-09-12 23:30:00+00:00"
"游깿 Evening reflection","","Conflicts: Stella was stressed by Kikis reaction on sushi dinner. She was quite harsh and took disagreement as an attack
Track mood:5
Consumption:마lcohol 1drink
Reflect on what happened:We went to Osaka castle, it was nice
What am I grateful for?I got nice sushi
What did I do well? I handled conflict with Stella well and spoke to Kris","2025-09-13 23:00:00+00:00","2025-09-13 23:30:00+00:00"
"游깿 Evening reflection","","Conflicts: -
Track mood:6
Consumption:-
Reflect on what happened:I spent whole day with Sofi
What am I grateful for?We got pokemon for my friends
What did I do well? I did a good job takinf care of Sofi","2025-09-14 23:00:00+00:00","2025-09-14 23:30:00+00:00"
"游깿 Evening reflection","","Conflicts: -
Track mood:5
Consumption:-
Reflect on what happened:We went for a boat ride on Doutonbori.
What am I grateful for?I finished thebShrinking series, I loved it
What did I do well? I picked some nice souvenirs","2025-09-15 23:00:00+00:00","2025-09-15 23:30:00+00:00"
"游깿 Evening reflection","","Conflicts: -
Track mood:7
Consumption:-
Reflect on what happened:We went to an Owl cafe for Kiki's Bday and then with Stella to Onsen
What am I grateful for?Onsen was very nice
What did I do well? I supported Kris with her Bday","2025-09-17 23:00:00+00:00","2025-09-17 23:30:00+00:00"
"游깿 Evening reflection","","Conflicts: -
Track mood:6
Consumption:-
Reflect on what happened:We went to Expo and managed to get to 
What am I grateful for?
What did I do well?","2025-09-18 23:00:00+00:00","2025-09-18 23:30:00+00:00"
"游깿 Evening reflection","","Conflicts: -
Track mood:5
Consumption:-
Reflect on what happened:We spent the day shopping
What am I grateful for?I got nice souvenirs
What did I do well? I bought all I wanted","2025-09-19 23:00:00+00:00","2025-09-19 23:30:00+00:00"
"游깿 Evening reflection","","Conflicts: -
Track mood:5
Consumption:마lcohol 3drinks
Reflect on what happened:We are flying back from Japan
What am I grateful for?We had a good time in Japan
What did I do well? I moved all thr luggage to the airport and helped Stella find souvenirs","2025-09-20 23:00:00+00:00","2025-09-20 23:30:00+00:00"
"游뢼orning planning","","Conflicts:
TODOs:
Mood:
Theme for the day:","2025-09-21 17:00:00+00:00","2025-09-21 17:30:00+00:00"
"游깿 Evening reflection","","Conflicts: 
Track mood:
Consumption:
Reflect on what happened:
What am I grateful for?
What did I do well?","2025-09-21 23:00:00+00:00","2025-09-21 23:30:00+00:00"
"游깿 Evening reflection","","Conflicts: Stella absurdly escalated disagreement about throwing away furniture and didn't listen when I urged her to calm down. It was pretty bad, but quick.
Track mood:2
Consumption:-
Reflect on what happened:We came back home
What am I grateful for?We got home OK
What did I do well? I unpacked most things","2025-09-21 23:00:00+00:00","2025-09-21 23:30:00+00:00"
"游깿 Evening reflection","","Conflicts: Stella was quite aggitated today, because I didn't hear her when she asked for help
Track mood:6
Consumption:마lcohol 1drink
Reflect on what happened:First day at work after vacation was nice
What am I grateful for?I got to ride my bike home
What did I do well? I was quite social over lunch","2025-09-22 23:00:00+00:00","2025-09-22 23:30:00+00:00"
"游깿 Evening reflection","","Conflicts: -
Track mood:7
Consumption:3mmc 1line
Reflect on what happened:망e played board games in Unoffice
What am I grateful for?맔y friends were so happy to get souvenirs from japan
What did I do well? I wrote some impressive Js","2025-09-23 23:00:00+00:00","2025-09-23 23:30:00+00:00"
